case_id,shopper_request,catalog_rank_field,catalog_product_id,catalog_name,catalog_brand,catalog_price,catalog_sale_price,recorded_preview_exposure,browser_result_id,browser_handoff_status,browser_price,browser_sale_price,resolve_order,staged_type,ui_card_order,final_ui_text,notes
T11,Show me women's dresses.,3,26006550649019979,OPEN-STITCH SATIN SLIP DRESS,COS,$169,,All 68 rows: ID/brand/effective price/name; filtered preview: ID/brand/effective price/URL,,Handoff reports exact URL 404 twice; site search no results; unverified,,,,,,Mentioned only as failed verification; no card,Returned and previewed; current variant/availability unverified; not selected
T11,Show me women's dresses.,35,25757684927243797,Beguiling Border Print Wrap Dress - Sale!,Kiyonna,$128,$109.95,All rows plus filtered ID/brand/effective price/URL,browser:993affe88ae38ff7d54a2b02,"Handoff reports verified, in_stock; sizes 0X-5X, 1X-3X low stock",$128.00,$109.95,1,browser,1,Yes,Canonical URL path joins browser item to catalog record; sizes/page output not independently accessible
T11,Show me women's dresses.,65,24786682587682865,Rust Valia Cotton Printed Shirt Dress,Reiss,$295,$110,All rows plus filtered ID/brand/effective price/URL,browser:8d1e6e6a36765f2602beb165,"Handoff reports verified, in_stock; US 0 and 6 low stock",$285,$110,2,browser,2,Yes,Catalog and browser handoff disagree on regular/list price ($295 vs $285); sale price agrees
T12,Show me fashionable women's dresses.,2,25783366451290505,Tessa Dress,Diane von Furstenberg,$398,$119,All 71 rows: ID/brand/effective price/name; filtered preview: ID/brand/effective price/URL,browser:1bb4edb13644967ae0018787,"Handoff reports verified, in_stock; XXS-XL; final sale",$398,$119,1,browser,1,Yes,Canonical URL path joins browser item to catalog record
T12,Show me fashionable women's dresses.,5,25063194296690581,PRIMROSE DRESS - PALMA STRIPE,RAILS,$268,,All rows plus filtered ID/brand/effective price/URL,browser:4220d9533b35ebe27e443efc,"Handoff reports verified, in_stock; XXS-XXL",$268,,2,browser,2,No; visible card only,Separate manually written reasons file includes a rationale; actual final UI text does not name this item
T12,Show me fashionable women's dresses.,27,26546063235070607,Women's A&F Dylan Bra-Free Mini Dress from Abercrombie & Fitch,Abercrombie & Fitch,$90,,All rows plus filtered ID/brand/effective price/URL,browser:4bb160b9b6afb737297ce72a,"Handoff reports verified, in_stock; XXS-XXL, Petite/Regular/Tall; Almost Gone",$90,,3,browser,3,Yes,Canonical URL path joins browser item to catalog record
T19,"Show me women's dresses. I prefer clean lines, neutral colors, and no visible logos.",1,27372869305636443,Courreges Sleeveless Mini Dress - Neutrals,Courrèges,$470,$236,All 55 rows: ID/brand/effective price/name; filtered preview: ID/brand/effective price/URL,browser:d7377df348d5fe305d3d529e,Handoff reports verified; $470 list to $237 sale; sizes S/XL/XS/L/M; details list Embroidered Logo,$470.00,$237.00,1,browser,1,"Yes, second in prose; conditional logo caveat",Catalog description and browser handoff mention logo; actual logo visibility is unverified; resolved image flag false
T19,"Show me women's dresses. I prefer clean lines, neutral colors, and no visible logos.",32,27141809992078835,TAILORED V-NECK MINI DRESS,COS,$139,$41.70,All 55 rows plus filtered ID/brand/effective price/URL,,Handoff reports U.S. URL 404 twice and COS U.S. search no match; unverified,,,,,,No card or prose recommendation,Returned and previewed; exact U.S. availability unverified; not selected
T19,"Show me women's dresses. I prefer clean lines, neutral colors, and no visible logos.",37,26035942742770208,Cotton Poplin Sleeveless Midi Dress,Calvin Klein Euphoria,$149,$89.40,All 55 rows plus filtered ID/brand/effective price/URL,browser:ca4c09eb02fd59bc0db8222d,Handoff reports verified; $149 list to $89.40 sale; vanilla custard; sizes XS and M selectable; no visible logos,$149.00,$89.40,2,browser,2,"Yes, first in prose",Catalog brand says Calvin Klein Euphoria; browser handoff says Calvin Klein; page logs unavailable
T20,"Show me women's dresses. I prefer bold colors, expressive prints, and statement details.",8,24167270662966341,Long-sleeve A-line all-over print dress,Angel of Style,$89.95,,All 63 rows: ID/brand/effective price/name; filtered preview adds URL,browser:e5db5c4b17f5dab27065d92b,Handoff reports verified/in_stock; Ulla Popken page; pink; sizes 12-28 selectable,$89.95,,1,browser,1,"Yes, second in prose",Catalog name/brand prefix differs from page handoff; page says Angel of Style prefix absent
T20,"Show me women's dresses. I prefer bold colors, expressive prints, and statement details.",40,27809103662072153,Clover Canyon - Multicolor Neoprene Dress Sz S,,$80.99,,All 63 rows plus filtered ID/brand/effective price/URL,browser:af9adafc88d3af7578ee530f,Handoff reports verified/in_stock; Current Boutique consignment; pre-owned; size S; one unit; excellent condition Good,$80.99,,2,browser,2,"Card only; final prose calls it a pre-owned wildcard, not brand-new",Selected and displayed despite explicit new-only constraint; catalog description notes light makeup stains but was absent from preview
T20,"Show me women's dresses. I prefer bold colors, expressive prints, and statement details.",44,38298573006396313,BETSEY'S ART TANK DRESS BLACK MULTI,,$89,,All 63 rows plus filtered ID/brand/effective price/URL,browser:5ead21e1ee074c50eef8630e,"Handoff reports verified/in_stock; sizes L/XL/XXL available, XS/S/M/3XL sold out; low stock",$89,,3,browser,3,"Yes, first in prose",Catalog brand blank; browser handoff identifies Betsey Johnson
T21,Show me women's dresses from lesser-known designer labels.,1,37592264367086519,Black Label Lucy Dress - Boot Collection,,$198,,Call-1 all 2 rows: ID/brand/effective price/name; no second URL-filter preview for this ID,,Returned in successful first query only; no browser verification,,,,,,Not selected or displayed,First query: emerging designer women's dress boutique label returned 2 records; not a failed-call retry
T21,Show me women's dresses from lesser-known designer labels.,2,28121114030847969,POIGNET,,$355.60,,Call-1 all 2 rows: ID/brand/effective price/name; no second URL-filter preview for this ID,,Returned in successful first query only; no browser verification,,,,,,Not selected or displayed,First query: emerging designer women's dress boutique label returned 2 records; not a failed-call retry
T21,Show me women's dresses from lesser-known designer labels.,29,5929142793863190,Dresses / JNBY Full Print Short Sleeve Dress (100% Cotton),JNBY,$235,$164.50,All 64 rows: ID/brand/effective price/name; filtered preview: ID/brand/effective price/URL,browser:be486e4a5dc602d017338cfb,Handoff reports verified/in_stock; $235 list to $164.50 sale; XS-XL; Grey/Green/Black,$235.00 USD,$164.50 USD,1,browser,1,Card shown; final prose names as all-rounder,Selected from call-2 only; no independent lesser-known/popularity evidence
T21,Show me women's dresses from lesser-known designer labels.,52,9508860452559360,Dress / JNBY Graphic Print Short Sleeve Cotton Dress,JNBY,$270,$180,All 64 rows: ID/brand/effective price/name; filtered preview: ID/brand/effective price/URL,browser:c1abd03a85ed4d766d004467,Handoff reports verified/in_stock; $270 list to $180 sale; XS-XL; Grey/Brown,$270.00 USD,$180.00 USD,2,browser,2,Card shown; not named in final prose,"Separate reasons file discusses it, not a shopper-facing statement"
T21,Show me women's dresses from lesser-known designer labels.,63,28202165012712285,Dresses / JNBY Loose Fit Full Print Short Sleeve Dress (100% Cotton),,$164.50,,All 64 rows: ID/brand/effective price/name; filtered preview: ID/brand/effective price/URL,browser:9757bb79554fded281d176df,Handoff reports verified/in_stock; page $235 list to $164.50 sale; XS/M/XL,$235.00 USD,$164.50 USD,3,browser,3,Card shown; final prose names as lowest-price option,Catalog brand blank and no sale_price; browser handoff supplies JNBY and a higher list price; selected from call-2 only
T24,"What women's dress styles are fashion writers and shoppers talking about now, as of September 27, 2026? Show me dresses that fit.",1,26500306999623672,Marnella Burgundy Floral Velvet Burnout Asymmetrical Maxi Dress | Lulus,Lulus,$99,,All 52 rows: ID/brand/effective price/name; filtered preview: ID/brand/effective price/URL,browser:255d008d54c316340bf989d9,Handoff reports $79.20 with GUEST20 code; XS/S available; M/L/XL sold out; Add to Bag active; in_stock,$99,$79.20,1,browser,1,"Yes; linked to velvet, dark floral and romantic details",Handoff is a manual transcription; browser page logs unavailable
T24,"What women's dress styles are fashion writers and shoppers talking about now, as of September 27, 2026? Show me dresses that fit.",6,23984817164534435,Bronwyn Velvet Dress,Baltic Born,$73.80,,All 52 rows plus filtered ID/brand/effective price/URL,browser:7fe24ca9ef64521a4578b367,Handoff reports $123 list to $92.25 sale; S/M/L available; in_stock,$123,$92.25,2,browser,2,Yes; described as velvet-forward; page/catalog price discrepancy stated,Catalog effective price $73.80 differs from handoff page sale $92.25; page logs unavailable
T24,"What women's dress styles are fashion writers and shoppers talking about now, as of September 27, 2026? Show me dresses that fit.",24,6356076377850177,Divine Allure Burgundy Floral Burnout Velvet Midi Dress | X-Small,Lulus,$79,,All 52 rows plus filtered ID/brand/effective price/URL,,Handoff reports URL/page blocked by human-verification challenge; unverified,,,,,,Not selected; no card; final prose says unverified,Catalog and preview contain candidate; no product-page verification; challenge not solved or bypassed
